review,class
 this stori nice surpris i expect sci fi mysteri type stori go detail dr brodi springer discov new planet first predict late wife hope what stori end least wasa love stori there mysteri action f,negative
 light humor this book show intens bond triplet women s,negative
 i receiv free ebook via netgalley exchang honest review this doe way alter opinionsbr br ive want book long i saw netgalley i excit read id heard pretti much onli good thing befor read expect pr,negative
 انا شايفه انها روايه سخيفه اسامي ناس كتيرة و حتي الفصل الثالث مفيش اي احداث غير ان ولد من الاولاد الثلاثه اتاخدوا للسخرة دة انا حتي مش فاكرة اسمه من كتر الاسامي,negative
 i sudi public speak front audiencei think book will help alot,negative
 fun book woman go power job washington help keep famili clinic go,negative
 hrefhttpwwwunderthecoversbookblogcomphoenixrebornbyjdtylerhtml targetblank relnofollow img srchttpwwwunderthecoversbookblogcomwpcontentuploadsgoodreadsbookreviewiconjpg classgrhosteduserimg apit secret im fan seri when i first notic mm stori found one pack member found mate human nurs compound i extrem giddi especial becaus reject idea complet i thought make forp,negative
 أرض الالهbr احمد مرادbr ضجيج بلاطحنbr الروايه تدور في عصر البطالمه br و انهم اهتموا باليهود اكثر من المصريينbr روايه تافهه جدا جدا جداbr بس هو مؤلف شاطر في الدعايه br نزل موسيقي للروايه قبل الروايه br الروايه لاتستحق كل هذه الضجه br المؤلف استفاد ان رواياته اتعملت مسلسلات و افلام br بس في كتاب افضل منه بكثيييييرbr الحبكه غير موج,negative
 when i found book first thought tattoo threesom can go wrongbr oh muchbr br this one bore read i ever forc i onli becaus late get money backbr br its imposs get read charact becaus ,negative
 by time finish can crush middlegrad novel main charact manic style will won becaus find novel hispan protagonist prove difficult dure teach day belford drew experi children migrant worker w,negative
 veri disappoint i sorri abl read his essay ny time much better,negative
 this isnt bad book poor written it cute but noth believ read young adult adult read young adult middl schooler,negative
 i torn like book think ok my main problem involv god write i huge fan write style ani begin if author goe first person narrat need make sure v,negative
 e sm,negative
 a sm,negative
 e sm,negative
 i happen upon book local librari intrigu cover titl so i borrow went back librari day later seri i love want ,negative
 strongamish young lovestrongbr br i recent read help relax bed get sleep stori prefect,negative
 strongwow strongbr br i like read good book just good bookbr i look forward open kindl time the stori definit keep guess true ident finish vook,negative
 not enough stori,negative
 one favorit comic good stori fantas art great charact definit read,negative
 i have not finished,negative
 the concept intrigu stori felt simplist author ran idea initi good one the charact flat clich,negative
 stori funni illustrat just okay,negative
 sara lindqvist never travel far homeland sweden prefer live peopl read book bore life after bookstor work sweden close decid take leap faith visit penpal ami harri live small,negative
 i find difficult understand whi peopl like book the stori depend feasibl technolog veri us expert enough opinion a major part plot make sens relationship scarpetta benton cours da,negative
 i read thirti year ago now son medic student i revisit still true part still made laugh,negative
 ms marvel quintessenti teenag fangirl allround amaz wellwritten drawn superhero,negative
 when dont know turn and run best friend peopl tri captur take back wast place ever high school but normal high school vampir academi,negative
 the greatest surpris the dark forest emphasi amid spectacular set piec dollop hard scienc idea conflict drive conflict overrid question given certainti threat scale space time involv human en mass,negative
 stop not realli keep interest point though veri sweet coupl veri veri low angst mayb problemno conflict ani type yet ill give tri later,negative
 stronggreat close this seriesstrongbr br final get read never end cliffhang cliffhang stori br br michell certain brough alot fondant action romanc coupl xavier cold much love charact ladi want get hand onbr br i higher recommend ,negative
 strongorchid stonestrongbr br this book bit bore center around charact veri littl depth not interest i hope,negative
 its awesom readbr,negative
 while i realli enjoy concept book i agre review art realli let it hard work go time lot male charact indistinguish i think great benefit use colour,negative
 book club book,negative
 this book realli emphas peopl can feel place famili end leav it take leav figur realli life book perfect way teach young kid,negative
 leggendo la trama di questo libro mi sono subito sentita attirata e affascinata dal tipo di storia cui sarei andata incontro con questa lettura e la mia curiosità è stata placata presto poichè ho acquistato questo libro pochissimo tempo fa e ho deciso di leggerlo purtroppo non posso dire che,negative
 this retel pygmalion stori familiar my fair ladi it follow close stori line i almost start sing the rain in spain stay main plain lucia woman scorn famili live famili exp,negative
 strongto mani run on sentencesstrongbr br go back school learn write correct get veri good editor if plan neither one write reader go want finish first book seri let alon read rest seri ,negative
 this veri simpli written book describ nelson mandela life releas prison sinc author privat secretari next abl observ south african polit closelybr br she describ south africa chang dure servi,negative
 the begin good middl wasmediocr found horror idea lame skim end not worth time,negative
 o,negative
 this onli delici realli enjoy tast clich,negative
 amaz book,negative
 you cant romant relationship cant touch partner basic juliett teach young reader book great job,negative
 im sure i even know start book one biggest complaint ive read book romant interest main charact show interest two peopl honest doesnt bother much time book teenag high schooler tend crush,negative
 great book américa award collect,negative
 one best stori i ever read luca ultim book boyfriend,negative
 excellent resourc classroom,negative
 the great gatsbi written f scott fitzgerald book american life dure s the book realist fiction keep reader suck drama charact the charact gatsbi charact reader can decid whether love o,negative
 strongin queuestrongbr br br arc provid author exchang honest review review jaim hrefhttpwwwalphabookcluborg relnofollowalpha book clubabr hrefhttpgaybookreview relnofollowgay book reviewsa br img srchttpiphotobucketcomalbumsabjburnsblogbuttonsnjpg width height altdescript classgrhosteduserimg img srchttpgaybookreviewswpstoragewpcontentuploadsgbrjpg width height altdescript classgrhosteduserimg img srchttpiphotobucketcomalbumsabjburnsabcgraphicsnjpg width height altdescript classgrhosteduserimg br,negative
 dear sir br urgent book plz send nrajpaneruhotmailcombr just now abl pay eager read research workbr narendra raj paneru,negative
 love book amaz,negative
 e,negative
 look i didnt want halfblood i never ask son greek god i just normal kid go school play basketbal skateboard the usual until i accident vapor math teacher that thing start realli go wrong now i spend time fight,negative
 strongannoyingstrongbr br the h mari annoy i dnf run away normal behavior i just care i like h,negative
 i veri surpris book i love book put new twist old subject hope next just good,negative
 e,negative
 warn text may contain spoiler make origami yodath book tell make stuff like br wait,negative
 a fantast book want keep read book,negative
 o,negative
 ok,negative
 dnf narrat crap,negative
 a horrid littl book i refus finish,negative
 listen scribd narrat kate bolick,negative
 i hate ,negative
 great read put ,negative
 diari young girl anne frank interest book it interest see year old girl perspect say go at part book scari read like part talk kid left without parent peopl ta,negative
 m,negative
 review can found targetblank hrefhttpswwwinstagramcompbdoriqfqjtakenbylightandshad relnofollowhttpswwwinstagramcompbdoriqfa,negative
 the short stori never realli grab ,negative
 veri good relationship tension emot,negative
 it okay certain fantast,negative
 i enjoy book emalin learn everyth go perfect accept chang as chaotic summer shes go colleg east u i recommend ani girl learn life chang deal ,negative
 strongpropellingstrongbr br i read book without put it written beauti plot develop nicelybr there awkward moment though hyper awar narrat voic it didnt feel artist intent rather like author tri fill reader ,negative
 veri good,negative
 noth,negative
 sexi hell,negative
 لتحميل الكتاب pdfbr br targetblank hrefhttpwwwsharedcomofficekdjevycehtml relnofollowhttpwwwsharedcomofficekdjeva,negative
 the first chapter introduc kalumba close friend movement ogum lessprivileg sukena moreov relat brutal repressioninclud murder ogum father preacherlead kalumba clandestin escap kalumba journal diari exil acti,negative
 great,negative
 realli enjoy book as year mum hates playground polit recommend similarmind mum easi read enjoy,negative
 br strong first word of the opene ten sentenc strong br br itbr ibr thisbr ifbr ibr everythingbr ibr itbr ibr ibr br stiff doesnt even begin describ sentenc structur flow its almost jack jill feel em he walk i talk i like we rode the hill big em br br strong grammar strong br br blockquot br br it big step one thiblockquot,negative
 watership down favourit book time i often revisit world rabbit it incred wellwritten use rabbitlanguag realli bring life mention incred descript workbr br worth read alway,negative
 this book merit whi us select ani purpos anyon us beyond ,negative
 o,negative
 fuck book no one read the first stori annoy second stori sexist offens third stori protagonist unlik i root unhappi serious dont read piec trash,negative
 kisah yang enak dibaca untuk santai meneruskan kisah cant cantik,negative
 o,negative
 a,negative
 pictur book br this book littl boy worm life the book start state thing mother tell alway rememb one thing worm take care earth then littl boy explain daili routin throughout period t,negative
 are interest yearold man think wikileak how think sexual millenni women if yes book br br there interest charact work build andrea wolf write just fine hes realli say m,negative
 this quirki book when small famili decid head norway i convinc norwegian cultur intertwin stori id giggl away but illustr pretti stori will wordi confus littl one sad book,negative
 piec prayer theolog essay provid widevarieti thought prayer authoress kia wakefield each chapter give reader opportun chew contempl even digest insight insid the person warmth ms wakefield declar bring reader roo,negative
 the breakfast club hell love ,negative
 this possibl strangest book i ever read there great quot one fell flat ,negative
 soon unexpect death juli grandmoth mother forc move across town juli start new high school tri put live back togeth isnt easi and juli never felt isol her mom start date loser doesnt know ,negative
 adam dylan secret servic golden boy year after becam depart scapegoat forc servic turn celebr secur make live elena marri mr perfect bad girl everyon love hate the two busi togeth,negative
 im excit one my univers lectur want us take note read come conclus whether think author racist i cant say im look forward experi but never know i may think wasnt realli like th,negative
 i want money back,negative
 awesom love seri great romancemag novel lt,negative
 too brutal,negative
 this book realli differ john green book it sens hopeless realli make want keep read,negative
 short flight seek explic form histori practic aphor well inject contemporari tidbit collect literari psych most us familiar quip oscar wild memor onelin endless play william shakespear so much w,negative
 summer requiem written last twenti year quiet medit book much like earlier one all you who sleep tonight in volum motif incarnadineinclud ruddi summer sunset imag coverrecur rose light enflam eastern sky one morn,negative
 read dure board school obsess ca age ten forgotten recent,negative
 an inspir book i keep come back whenev i doubt scare worri anyth you alway find answer encourag thank presid ikeda,negative
 this good pictur book expect each charact window sill wait favorit time year day they sit watch wait togeth come,negative
 love book,negative
 round star,negative
 i got beta version recent i love im excit see ani chang beauti cover hand,negative
 a,negative
 like review said by light alone great premis ruin poor told stori although stori bit mislead sinc effect two three separ stori thread forc togeth order justifi novel br br by light alone set world,negative
 love book funni,negative
 my favorit book r program statist,negative
 fabul shes love honesti,negative
 great interest surpris event book still love smokey though,negative
 bore begin bore middl pretti good end,negative
 br رواية وردة عيسى رواية تجسد مستوى التناحر والدمار الذي ساد عالمنا وكله لسبب الإيدولوجيات والأفكار الدينية والسياسية تحكي الرواية قصة فتى مسلم ولد في كنيسة اثناء زيارة لأمه هناك وأطلق عليه اسم عيسى ولكنه سيواجه المثير من المشاكل بسبب هذا الأسم وبسبب ولادته في الكنيسة,negative
 strongthird time reread time audio formatstrong,negative
 great book,negative
 it good read finish day,negative
 book alright,negative
 i veri disappoint bookbr br it live promis rais poor mouth definit star book this book high experiment review liken ulyss wors still finnegan wake ilkbr br clear writer clever ,negative
 this second seri favorit one you fall right back stori pull first page its time spinmak arts festiv town buzz excit but one murder shard glass kill ,negative
 such good book,negative
 how mani time peopl say communic key not annoy just bore,negative
 great book,negative
 strongimport subject matter frustrat readstrongbr br i glad author wrote book becaus need rememb atroc happen germani stori frustrat read the first half quit long detail last chapter left detail id waiti,negative
 this second seri favorit one you fall right back stori pull first page its time spinmak arts festiv town buzz excit but one murder shard glass kill ,negative
 sm,negative
 week,negative
 it show easili peopl can persuad right evid also judg someon instinct,negative
 get stori,negative
 philip pullman im deepli unimpress i read trilog i got attach lyra will just see fuck live final plot unnecessari incomplet dafuq happen propheci dafuq happen lovabl charact closur ,negative
 these book increas poor written descend gratuit violenc lack plot i kind enjoy first novel escap maze lost direct credibl frank interest,negative
 one favorit love entir triolog,negative
 when i right mood i plan read not fan deceas spous trope storylin still appeal ,negative
 so disappoint compar ,negative
 die ,negative
 the darkest angel gena showalt br love death maggi shayn br ladi nile susan krinard,negative
 خيبة أمل أخرى مع الجابريbr حيث لا جديد بالمرةbr br لم تكن تلك المقدمة الجوفاء المليئة بجنون العظمة وحدها لتغيظني رغم ان صاحبها يجعل الصخر ينطق كي يقول له ان الله لا يحب كل مختال فخورbr ولا أدري عن أي ابتكار جديد يتحدث الجابري ويزعم انه لم يسبقه فيه أحد أ عن العقل السياسي العربي الذي لا يختلف قيد أنملة عن,negative
 beauti cookbook a huge varieti recip illustr instruct far advanc skill interest level a great gift talent andor ambiti cook,negative
 song ice fire v im still love seri now begin long wait public next book if youv read previous book know want carri if place start,negative
 my favorit booksign,negative
 strongstrongbr br not realli sure say i like book wasnt worst the edit horribl,negative
 the mountaintop epiphani experienc han castorp worth mind bend great novel,negative
 letto elementari forzatament e svogliatament ora capisco perchè lo facciano legger ma riman una sorta di trauma indipendentement da come è scritto suppongo bene visto il suo successo io proprio non lo posso veder,negative
 this littl disappoint book full much well least end expect br,negative
 read children literatur class,negative
 couldnt put ,negative
 stronga strange and gruesome storystrongbr br there littl merit tale it inconclus worth spend time it redeem qualiti i recommend ,negative
 veri good,negative
 after finish pushkin wait lermontov i pick one upbr it great quick taut intrigu stori cold climat light day isbr sporad,negative
 love,negative
 e,negative
 this book letter barack obama wrote daughter it good book share student becaus show can grow whatev want it also make refer histor figur in letter obama use repetit,negative
 well i guess i crazi becaus book stori didnt bowl i expect everyon els it dark i enjoy gothic twist a good man is hard to find first stori lure bit stori went neither c,negative
 it interest littl book relationship i might young understand portray common situat talk experi most avoid answer question destroy ourself creat problem,negative
 it great book except end i hate cliffhang,negative
 i dont think skippyjon jone thing,negative
 veri excit book,negative
 this novel nobel win author includ fiction basi disast stori wilhelm gustloff the narrat woven around histor event life thought main charact suppos born right ship sank tedious introspect book,negative
 great,negative
 great cours everyon,negative
 too much polit not enough simon meg,negative
 k is for killerbr a ladi work recommend one loan copi read its neat littl mysteri i like good whodunit definit good one sue grafton creat whole seri around ladi detect main charact catchi alphabet theme,negative
 good practic advic,negative
 the key to midnightbr i dont much book onli realli type book espionag just isnt thing although base stori veri well thought outbr i also read end book koontz written differ part novel differ time ,negative
 best book ever,negative
 interestedbr br targetblank hrefhttpswwwgoodreadscomreviewshowbookshowactionfalseamprefrulihpuprvmclkuphttpswwwgoodreadscomreviewshowa,negative
 buzzzzzzzzz,negative
 br الكتاب الاول كان غاية في الروعةbr كأني كنت أراه حيا أمامي لشدة جمال وصفهbr خصوصا تعبيره عن مشاعره التي خالجت صدرهbr تجاه كونه ضريراbr وتجاه معاملة اسرته له على هذا الاساسbr br لقد استطاع ان يشعرني بمرارة ان تكون كفيفاbr واني لاستغرب كيف استطاع ان يجيد هذا الوصف وهو محروم من نعمة البصرbr حقا انه عبقري من اندر طرازbr br br لكن ما,negative
 i read updat version one better homeschool book i read great thing ponder homeschool realli ,negative
 read,negative
 saw bampn like two second ago thought beauti thing ive ever seen also take place ship what ask ,negative
 strongthi best dialogu charact write i ever pleasur read strongbr br this thorough fun book the dialogu mix extrem clever albeit darker spin classic fairytal kept turn page page anyon love fantasi doe great disservic ,negative
 i realli love charact book i like like want separ realist problem i love book took place small rooma lock box basic would definit read anoth author,negative
 terribl just inconceiv bad and i love jennif egan dont get wrong the last page book love though,negative
 i rememb read book right befor movi came it start great author veri littl world build charact progress bore disturb read,negative
 stronga beauti tragic heart break yet utter grip stori its perfectstrongbr br the onli thing work quot joann harri book read book enjoy book just swallow heart soulbr br im sure i wont feel need close eye breat,negative
 pictur book br this book moos read count after peopl find cant read count take school learn he mani issu school learn spell somewhat count now doesnt make mistak goe buy candi,negative
 i think malcolm run big idea this basic collect magazin articl differ peopl becam success a lot pretti interest tri stretch small observ big point world often strain credul,negative
 instant draw doesnt releas grip final page well written no need get stori becaus moment open book becom charact,negative
 formula,negative
 classic coben,negative
 goodbr,negative
 need reread day,negative
 not well written veri basic,negative
 hemingway continu disappoint,negative
 strongmor samestrongbr br stone barrington bit midlif crisi appear its group charact amus enough drama foreign affair plod just bit,negative
 veri charm i love hopper eni tough kid want code awesom veri mike holm cartooni style good fit book basic code there even twist i didnt predict look forward volum,negative
 amaze,negative
 review,negative
 i definit prefer schlink book der vorles,negative
 its veri interest premis the crime definit brutal aw howev write remind high school student turn essay minimum word count a lot edit ,negative
 sm,negative
 it ok these stori seem realli short i feel like miss lot happen i dont know it good i just wish get stori,negative
 great stori a must read,negative
 book quick read i get done fast,negative
 strongok bookstrongbr br that shortest book i believ i ever read i sit think go long book i whole thing done less hour realli glad i didnt buy book,negative
 veri good,negative
 pippa itali summer despit parent wish intent just studi local art she list thing swim mediterranean sea get makeov fall italian boy as pippa explor dramat ruin ,negative
 brie carter father land develop busi taken famili world br soon arriv new home lost spring wyom town turn protest they dont want new hotel resid mustang popul will displac hurt part de,negative
 this one two book i took airplan read want book i need bring home i simpli care page switch book,negative
 charli bucket won willi wonka chocol factori way take possess none great glass elev but elev make fear whoosh nois charli famili find themselv splendid orbit around earth a dare adventur b,negative
 this book veri gear toward mother thank im ,negative
 strongridiculousstrongbr br i cant believ author to kill mockingbird there stori realli juvenil,negative
 ugh a literari masterpiec i think ,negative
 jin wang tri fit classmat american public school the monkey king determin prove worthi god danni tri let past keep interf futur although scenario dont seem relat char,negative
 meh,negative
 awsom wow think alot now,negative
 oh bark one get tiresom,negative
 se sei un viaggiator vero non potra che innervosirti,negative
 full disclosur got page bore tear what i miss,negative
 pictur book br this book child perspect negat thing grownup some includ take bunch pill abl run make kid act polit time the book pretti simpl read illustr make book s,negative
 i give this book slow i cant relat opera stuff ,negative
 some decent write appear unexpect point still pretti basic tho,negative
 could hard finish onli one seri i read too mani charact so interest,negative
 note author one doe simpli mix italian mafia anim shapeshift human starcross lover pubesc dialogu book the result horrend,negative
 i need now,negative
 love it so freakin much,negative
 revolt serial cheater can never keep pant while tri show h love want onli the same time fuck club whore,negative
 awesom,negative
 he find answer religion,negative
 this favorit book movi entir world yai yai yai yai yai yai yai,negative
 i like book,negative
 check review kqed targetblank hrefhttpwwkqedorgartsreviewisthenestworthitsfamedsevenfigureadv relnofollowhttpwwkqedorgartsra,negative
 br كتاب مخيب للامالbr br جلست وانا انتظر لساعات طوال ان ينتهي ذلك السيل من السرد الممل دون فائدةbr لقد كان هذا الكتاب اشبه ما يكون بخطبة جمعةbr دبجت فيها ايات الثناء مع تقرير لشمائل وفضائل الشيخينbr br br لا انكر هنا فضل الصحابيينbr لكني اخترت قراءة هذا الكتاب لغاية اخرىbr وجدتها في كتابين سابقين لطه حسينbr غاية تكمن في النقد وا,negative
 blechand yet i cant help myselfonto next book,negative
 amaz,negative
 zero star peopl zero but i bought next book figur one lololol,negative
 ohne wort einfach nur perfektbr eine unheimlich toll liebesgeschicht,negative
 br i given book honest reviewbr br starsbr br br i read everyth layla hagen written love everyth done everi book i love fun side layla book this book second chanc love find famili didnt know need its,negative
 contriv rather unconvinc motiv charact arent alway reason,negative
 spoiler removedbr br targetblank hrefhttpswwwgoodreadscomreviewshowrefrulihplkrvmclkuphttpswwwgoodreadscomreviewshowa,negative
 too mani name keep track romanc two main charact hard believ,negative
 two leg bad four leg goodbr if donald trump win dont say werent warn,negative
 great collect short essay lead spiritu thinker corpor spiritu act merci a help medit tool,negative
 heartwarm,negative
 few nonwestern citi penetr conscious like benghazi libya follow attack american mission yet us know littl citi recent past the englishlanguag public alessandro spina grand histor novel twentiethcenturi,negative
 this short book compar book i usual read around page long i expect get stori quit quick reason found take age read becaus around halfway noth realli happen yet i want read hear abou,negative
 strongi like strongbr br i realli like differ book i cant imagin theyll captur everyth movi this book mani twist turn i realli enjoy author includ authent pictur nice touch cant wait read second,negative
 emon a dark wingem forgett drudg ya adapt emmeet joe blackem even less plot less believ circumst less interest charact return sever hour wast book pleas,negative
 good book,negative
 kjdnqdkppqoipd,negative
 this book interest portray author realiz although plan lawyer quick realiz want less intens stay home mum type it lead interest convers book wasnt written well,negative
 meh,negative
 if hadnt star review amazon i think i given one the first three quarter book slow charact repugn confus similar even half decent end doesnt excus tedious journey take,negative
 it ok interest see author mc ya,negative
 im guess date may s veri veri depress excellent write i never read anoth book malamud,negative
 despit moment beauti write i enjoy experi read book,negative
 i couldnt finish i thought bore felt long even though technic ,negative
 for stori wed onli chapter wed amp wed prep chapter,negative
 o,negative
 o,negative
 origin review hrefhttpswwwgoodreadscomreviewshowherea,negative
 strongth trilog interest pretti well written butstrongbr br it one book i will buy ani book sierra rose becaus i believ market ploy cheat uneth,negative
 a,negative
 amazon book descriptionbr after fourteenyearold peak marcello arrest scale new york citi skyscrap hes left two choic wither away juvenil detent go live longlost father run climb compani thailand but peak quick learn father,negative
 disappoint book had much potenti just chore read great concept great set mani great idea but just realli dull labour i realli want like book i just couldnt,negative
 strongthey met chanc will love give second chanc strongbr br chanc aubrey met rest stop nebraska who know life end it fate motorcycl wouldnt start flat tire spend littl week togeth brought close chanc sn,negative
 i enjoy it realli strang i shock,negative
 realli interest twist storylin great adventur surpris,negative
 i read littl girl reread oldest son just finish read youngest son book veri funni imagin inspire kid read ,negative
 witch realli detest breed they disguis themselv love ladi secret want squish squelch wretch children despis luckili one boy grandmoth know recogn vile creatur can get rid good,negative
 im stop book too depress i hate downward spiral charact bad thing good reason amp just keep go ,negative
 this novel publish tandem a brief histori portabl literatur prose work brought enriqu vilamata sustain promin both book epitom prefer hybrid genr contraven convent show threedecad arc prolificaci superbl,negative
 i bought recommend colleagu away work onli read watch film after watch film i expect follow one charact group peopl when didnt i initi intrigu i thought seem good idea i dont think ,negative
 matti protagonist norwegian tarjei vesaass novel the bird sure deserv place among cadr unforgett charact modern literatur mattiss intellectu disabl caus perceiv worldth tini farm communiti live thirti,negative
 you know begin book end tragedi yet still put ,negative
 this stori nice surpris i expect sci fi mysteri type stori go detail dr brodi springer discov new planet first predict late wife hope what stori end least wasa love stori there mysteri action f,negative
 light humor this book show intens bond triplet women s,negative
 i receiv free ebook via netgalley exchang honest review this doe way alter opinionsbr br ive want book long i saw netgalley i excit read id heard pretti much onli good thing befor read expect pr,negative
 انا شايفه انها روايه سخيفه اسامي ناس كتيرة و حتي الفصل الثالث مفيش اي احداث غير ان ولد من الاولاد الثلاثه اتاخدوا للسخرة دة انا حتي مش فاكرة اسمه من كتر الاسامي,negative
 i sudi public speak front audiencei think book will help alot,negative
 fun book woman go power job washington help keep famili clinic go,negative
 hrefhttpwwwunderthecoversbookblogcomphoenixrebornbyjdtylerhtml targetblank relnofollow img srchttpwwwunderthecoversbookblogcomwpcontentuploadsgoodreadsbookreviewiconjpg classgrhosteduserimg apit secret im fan seri when i first notic mm stori found one pack member found mate human nurs compound i extrem giddi especial becaus reject idea complet i thought make forp,negative
 أرض الالهbr احمد مرادbr ضجيج بلاطحنbr الروايه تدور في عصر البطالمه br و انهم اهتموا باليهود اكثر من المصريينbr روايه تافهه جدا جدا جداbr بس هو مؤلف شاطر في الدعايه br نزل موسيقي للروايه قبل الروايه br الروايه لاتستحق كل هذه الضجه br المؤلف استفاد ان رواياته اتعملت مسلسلات و افلام br بس في كتاب افضل منه بكثيييييرbr الحبكه غير موج,negative
 when i found book first thought tattoo threesom can go wrongbr oh muchbr br this one bore read i ever forc i onli becaus late get money backbr br its imposs get read charact becaus ,negative
 by time finish can crush middlegrad novel main charact manic style will won becaus find novel hispan protagonist prove difficult dure teach day belford drew experi children migrant worker w,negative
 veri disappoint i sorri abl read his essay ny time much better,negative
 this isnt bad book poor written it cute but noth believ read young adult adult read young adult middl schooler,negative
 i torn like book think ok my main problem involv god write i huge fan write style ani begin if author goe first person narrat need make sure v,negative
 e sm,negative
 a sm,negative
 e sm,negative
 i happen upon book local librari intrigu cover titl so i borrow went back librari day later seri i love want ,negative
 strongamish young lovestrongbr br i recent read help relax bed get sleep stori prefect,negative
 strongwow strongbr br i like read good book just good bookbr i look forward open kindl time the stori definit keep guess true ident finish vook,negative
 not enough stori,negative
 one favorit comic good stori fantas art great charact definit read,negative
 i have not finished,negative
 the concept intrigu stori felt simplist author ran idea initi good one the charact flat clich,negative
 stori funni illustrat just okay,negative
 sara lindqvist never travel far homeland sweden prefer live peopl read book bore life after bookstor work sweden close decid take leap faith visit penpal ami harri live small,negative
 i find difficult understand whi peopl like book the stori depend feasibl technolog veri us expert enough opinion a major part plot make sens relationship scarpetta benton cours da,negative
 i read thirti year ago now son medic student i revisit still true part still made laugh,negative
 ms marvel quintessenti teenag fangirl allround amaz wellwritten drawn superhero,negative
 when dont know turn and run best friend peopl tri captur take back wast place ever high school but normal high school vampir academi,negative
 the greatest surpris the dark forest emphasi amid spectacular set piec dollop hard scienc idea conflict drive conflict overrid question given certainti threat scale space time involv human en mass,negative
 stop not realli keep interest point though veri sweet coupl veri veri low angst mayb problemno conflict ani type yet ill give tri later,negative
 stronggreat close this seriesstrongbr br final get read never end cliffhang cliffhang stori br br michell certain brough alot fondant action romanc coupl xavier cold much love charact ladi want get hand onbr br i higher recommend ,negative
 strongorchid stonestrongbr br this book bit bore center around charact veri littl depth not interest i hope,negative
 its awesom readbr,negative
 while i realli enjoy concept book i agre review art realli let it hard work go time lot male charact indistinguish i think great benefit use colour,negative
 book club book,negative
 this book realli emphas peopl can feel place famili end leav it take leav figur realli life book perfect way teach young kid,negative
 leggendo la trama di questo libro mi sono subito sentita attirata e affascinata dal tipo di storia cui sarei andata incontro con questa lettura e la mia curiosità è stata placata presto poichè ho acquistato questo libro pochissimo tempo fa e ho deciso di leggerlo purtroppo non posso dire che,negative
 this retel pygmalion stori familiar my fair ladi it follow close stori line i almost start sing the rain in spain stay main plain lucia woman scorn famili live famili exp,negative
 strongto mani run on sentencesstrongbr br go back school learn write correct get veri good editor if plan neither one write reader go want finish first book seri let alon read rest seri ,negative
 this veri simpli written book describ nelson mandela life releas prison sinc author privat secretari next abl observ south african polit closelybr br she describ south africa chang dure servi,negative
 the begin good middl wasmediocr found horror idea lame skim end not worth time,negative
 o,negative
 this onli delici realli enjoy tast clich,negative
 amaz book,negative
 you cant romant relationship cant touch partner basic juliett teach young reader book great job,negative
 im sure i even know start book one biggest complaint ive read book romant interest main charact show interest two peopl honest doesnt bother much time book teenag high schooler tend crush,negative
 great book américa award collect,negative
 one best stori i ever read luca ultim book boyfriend,negative
 excellent resourc classroom,negative
 the great gatsbi written f scott fitzgerald book american life dure s the book realist fiction keep reader suck drama charact the charact gatsbi charact reader can decid whether love o,negative
 strongin queuestrongbr br br arc provid author exchang honest review review jaim hrefhttpwwwalphabookcluborg relnofollowalpha book clubabr hrefhttpgaybookreview relnofollowgay book reviewsa br img srchttpiphotobucketcomalbumsabjburnsblogbuttonsnjpg width height altdescript classgrhosteduserimg img srchttpgaybookreviewswpstoragewpcontentuploadsgbrjpg width height altdescript classgrhosteduserimg img srchttpiphotobucketcomalbumsabjburnsabcgraphicsnjpg width height altdescript classgrhosteduserimg br,negative
 dear sir br urgent book plz send nrajpaneruhotmailcombr just now abl pay eager read research workbr narendra raj paneru,negative
 love book amaz,negative
 e,negative
 look i didnt want halfblood i never ask son greek god i just normal kid go school play basketbal skateboard the usual until i accident vapor math teacher that thing start realli go wrong now i spend time fight,negative
 strongannoyingstrongbr br the h mari annoy i dnf run away normal behavior i just care i like h,negative
 i veri surpris book i love book put new twist old subject hope next just good,negative
 e,negative
 warn text may contain spoiler make origami yodath book tell make stuff like br wait,negative
 a fantast book want keep read book,negative
 o,negative
 ok,negative
 dnf narrat crap,negative
 a horrid littl book i refus finish,negative
 listen scribd narrat kate bolick,negative
 i hate ,negative
 great read put ,negative
 diari young girl anne frank interest book it interest see year old girl perspect say go at part book scari read like part talk kid left without parent peopl ta,negative
 m,negative
 review can found targetblank hrefhttpswwwinstagramcompbdoriqfqjtakenbylightandshad relnofollowhttpswwwinstagramcompbdoriqfa,negative
 the short stori never realli grab ,negative
 veri good relationship tension emot,negative
 it okay certain fantast,negative
 i enjoy book emalin learn everyth go perfect accept chang as chaotic summer shes go colleg east u i recommend ani girl learn life chang deal ,negative
 strongpropellingstrongbr br i read book without put it written beauti plot develop nicelybr there awkward moment though hyper awar narrat voic it didnt feel artist intent rather like author tri fill reader ,negative
 veri good,negative
 noth,negative
 sexi hell,negative
 لتحميل الكتاب pdfbr br targetblank hrefhttpwwwsharedcomofficekdjevycehtml relnofollowhttpwwwsharedcomofficekdjeva,negative
 the first chapter introduc kalumba close friend movement ogum lessprivileg sukena moreov relat brutal repressioninclud murder ogum father preacherlead kalumba clandestin escap kalumba journal diari exil acti,negative
 great,negative
 realli enjoy book as year mum hates playground polit recommend similarmind mum easi read enjoy,negative
 br strong first word of the opene ten sentenc strong br br itbr ibr thisbr ifbr ibr everythingbr ibr itbr ibr ibr br stiff doesnt even begin describ sentenc structur flow its almost jack jill feel em he walk i talk i like we rode the hill big em br br strong grammar strong br br blockquot br br it big step one thiblockquot,negative
 watership down favourit book time i often revisit world rabbit it incred wellwritten use rabbitlanguag realli bring life mention incred descript workbr br worth read alway,negative
 this book merit whi us select ani purpos anyon us beyond ,negative
 o,negative
 fuck book no one read the first stori annoy second stori sexist offens third stori protagonist unlik i root unhappi serious dont read piec trash,negative
 kisah yang enak dibaca untuk santai meneruskan kisah cant cantik,negative
 o,negative
 a,negative
 pictur book br this book littl boy worm life the book start state thing mother tell alway rememb one thing worm take care earth then littl boy explain daili routin throughout period t,negative
 are interest yearold man think wikileak how think sexual millenni women if yes book br br there interest charact work build andrea wolf write just fine hes realli say m,negative
 this quirki book when small famili decid head norway i convinc norwegian cultur intertwin stori id giggl away but illustr pretti stori will wordi confus littl one sad book,negative
 piec prayer theolog essay provid widevarieti thought prayer authoress kia wakefield each chapter give reader opportun chew contempl even digest insight insid the person warmth ms wakefield declar bring reader roo,negative
 the breakfast club hell love ,negative
 this possibl strangest book i ever read there great quot one fell flat ,negative
 soon unexpect death juli grandmoth mother forc move across town juli start new high school tri put live back togeth isnt easi and juli never felt isol her mom start date loser doesnt know ,negative
 adam dylan secret servic golden boy year after becam depart scapegoat forc servic turn celebr secur make live elena marri mr perfect bad girl everyon love hate the two busi togeth,negative
 im excit one my univers lectur want us take note read come conclus whether think author racist i cant say im look forward experi but never know i may think wasnt realli like th,negative
 i want money back,negative
 awesom love seri great romancemag novel lt,negative
 too brutal,negative
 this book realli differ john green book it sens hopeless realli make want keep read,negative
 short flight seek explic form histori practic aphor well inject contemporari tidbit collect literari psych most us familiar quip oscar wild memor onelin endless play william shakespear so much w,negative
 summer requiem written last twenti year quiet medit book much like earlier one all you who sleep tonight in volum motif incarnadineinclud ruddi summer sunset imag coverrecur rose light enflam eastern sky one morn,negative
 read dure board school obsess ca age ten forgotten recent,negative
 an inspir book i keep come back whenev i doubt scare worri anyth you alway find answer encourag thank presid ikeda,negative
 this good pictur book expect each charact window sill wait favorit time year day they sit watch wait togeth come,negative
 love book,negative
 round star,negative
 i got beta version recent i love im excit see ani chang beauti cover hand,negative
 a,negative
 like review said by light alone great premis ruin poor told stori although stori bit mislead sinc effect two three separ stori thread forc togeth order justifi novel br br by light alone set world,negative
 love book funni,negative
 my favorit book r program statist,negative
 fabul shes love honesti,negative
 great interest surpris event book still love smokey though,negative
 bore begin bore middl pretti good end,negative
 br رواية وردة عيسى رواية تجسد مستوى التناحر والدمار الذي ساد عالمنا وكله لسبب الإيدولوجيات والأفكار الدينية والسياسية تحكي الرواية قصة فتى مسلم ولد في كنيسة اثناء زيارة لأمه هناك وأطلق عليه اسم عيسى ولكنه سيواجه المثير من المشاكل بسبب هذا الأسم وبسبب ولادته في الكنيسة,negative
 strongthird time reread time audio formatstrong,negative
 great book,negative
 it good read finish day,negative
 book alright,negative
 i veri disappoint bookbr br it live promis rais poor mouth definit star book this book high experiment review liken ulyss wors still finnegan wake ilkbr br clear writer clever ,negative
 this second seri favorit one you fall right back stori pull first page its time spinmak arts festiv town buzz excit but one murder shard glass kill ,negative
 such good book,negative
 how mani time peopl say communic key not annoy just bore,negative
 great book,negative
 strongimport subject matter frustrat readstrongbr br i glad author wrote book becaus need rememb atroc happen germani stori frustrat read the first half quit long detail last chapter left detail id waiti,negative
 this second seri favorit one you fall right back stori pull first page its time spinmak arts festiv town buzz excit but one murder shard glass kill ,negative
 sm,negative
 week,negative
 it show easili peopl can persuad right evid also judg someon instinct,negative
 get stori,negative
 philip pullman im deepli unimpress i read trilog i got attach lyra will just see fuck live final plot unnecessari incomplet dafuq happen propheci dafuq happen lovabl charact closur ,negative
 these book increas poor written descend gratuit violenc lack plot i kind enjoy first novel escap maze lost direct credibl frank interest,negative
 one favorit love entir triolog,negative
 when i right mood i plan read not fan deceas spous trope storylin still appeal ,negative
 so disappoint compar ,negative
 die ,negative
 the darkest angel gena showalt br love death maggi shayn br ladi nile susan krinard,negative
 خيبة أمل أخرى مع الجابريbr حيث لا جديد بالمرةbr br لم تكن تلك المقدمة الجوفاء المليئة بجنون العظمة وحدها لتغيظني رغم ان صاحبها يجعل الصخر ينطق كي يقول له ان الله لا يحب كل مختال فخورbr ولا أدري عن أي ابتكار جديد يتحدث الجابري ويزعم انه لم يسبقه فيه أحد أ عن العقل السياسي العربي الذي لا يختلف قيد أنملة عن,negative
 beauti cookbook a huge varieti recip illustr instruct far advanc skill interest level a great gift talent andor ambiti cook,negative
 song ice fire v im still love seri now begin long wait public next book if youv read previous book know want carri if place start,negative
 my favorit booksign,negative
 strongstrongbr br not realli sure say i like book wasnt worst the edit horribl,negative
 the mountaintop epiphani experienc han castorp worth mind bend great novel,negative
 letto elementari forzatament e svogliatament ora capisco perchè lo facciano legger ma riman una sorta di trauma indipendentement da come è scritto suppongo bene visto il suo successo io proprio non lo posso veder,negative
 this littl disappoint book full much well least end expect br,negative
 read children literatur class,negative
 couldnt put ,negative
 stronga strange and gruesome storystrongbr br there littl merit tale it inconclus worth spend time it redeem qualiti i recommend ,negative
 veri good,negative
 after finish pushkin wait lermontov i pick one upbr it great quick taut intrigu stori cold climat light day isbr sporad,negative
 love,negative
 e,negative
 this book letter barack obama wrote daughter it good book share student becaus show can grow whatev want it also make refer histor figur in letter obama use repetit,negative
 well i guess i crazi becaus book stori didnt bowl i expect everyon els it dark i enjoy gothic twist a good man is hard to find first stori lure bit stori went neither c,negative
 it interest littl book relationship i might young understand portray common situat talk experi most avoid answer question destroy ourself creat problem,negative
 it great book except end i hate cliffhang,negative
 i dont think skippyjon jone thing,negative
 veri excit book,negative
 this novel nobel win author includ fiction basi disast stori wilhelm gustloff the narrat woven around histor event life thought main charact suppos born right ship sank tedious introspect book,negative
 great,negative
 great cours everyon,negative
 too much polit not enough simon meg,negative
 k is for killerbr a ladi work recommend one loan copi read its neat littl mysteri i like good whodunit definit good one sue grafton creat whole seri around ladi detect main charact catchi alphabet theme,negative
 good practic advic,negative
 the key to midnightbr i dont much book onli realli type book espionag just isnt thing although base stori veri well thought outbr i also read end book koontz written differ part novel differ time ,negative
 best book ever,negative
 interestedbr br targetblank hrefhttpswwwgoodreadscomreviewshowbookshowactionfalseamprefrulihpuprvmclkuphttpswwwgoodreadscomreviewshowa,negative
 buzzzzzzzzz,negative
 br الكتاب الاول كان غاية في الروعةbr كأني كنت أراه حيا أمامي لشدة جمال وصفهbr خصوصا تعبيره عن مشاعره التي خالجت صدرهbr تجاه كونه ضريراbr وتجاه معاملة اسرته له على هذا الاساسbr br لقد استطاع ان يشعرني بمرارة ان تكون كفيفاbr واني لاستغرب كيف استطاع ان يجيد هذا الوصف وهو محروم من نعمة البصرbr حقا انه عبقري من اندر طرازbr br br لكن ما,negative
 i read updat version one better homeschool book i read great thing ponder homeschool realli ,negative
 read,negative
 saw bampn like two second ago thought beauti thing ive ever seen also take place ship what ask ,negative
 strongthi best dialogu charact write i ever pleasur read strongbr br this thorough fun book the dialogu mix extrem clever albeit darker spin classic fairytal kept turn page page anyon love fantasi doe great disservic ,negative
 i realli love charact book i like like want separ realist problem i love book took place small rooma lock box basic would definit read anoth author,negative
 terribl just inconceiv bad and i love jennif egan dont get wrong the last page book love though,negative
 i rememb read book right befor movi came it start great author veri littl world build charact progress bore disturb read,negative
 stronga beauti tragic heart break yet utter grip stori its perfectstrongbr br the onli thing work quot joann harri book read book enjoy book just swallow heart soulbr br im sure i wont feel need close eye breat,negative
 pictur book br this book moos read count after peopl find cant read count take school learn he mani issu school learn spell somewhat count now doesnt make mistak goe buy candi,negative
 i think malcolm run big idea this basic collect magazin articl differ peopl becam success a lot pretti interest tri stretch small observ big point world often strain credul,negative
 instant draw doesnt releas grip final page well written no need get stori becaus moment open book becom charact,negative
 formula,negative
 classic coben,negative
 goodbr,negative
 need reread day,negative
 not well written veri basic,negative
 hemingway continu disappoint,negative
 strongmor samestrongbr br stone barrington bit midlif crisi appear its group charact amus enough drama foreign affair plod just bit,negative
 veri charm i love hopper eni tough kid want code awesom veri mike holm cartooni style good fit book basic code there even twist i didnt predict look forward volum,negative
 amaze,negative
 review,negative
 i definit prefer schlink book der vorles,negative
 its veri interest premis the crime definit brutal aw howev write remind high school student turn essay minimum word count a lot edit ,negative
 sm,negative
 it ok these stori seem realli short i feel like miss lot happen i dont know it good i just wish get stori,negative
 great stori a must read,negative
 book quick read i get done fast,negative
 strongok bookstrongbr br that shortest book i believ i ever read i sit think go long book i whole thing done less hour realli glad i didnt buy book,negative
 veri good,negative
 pippa itali summer despit parent wish intent just studi local art she list thing swim mediterranean sea get makeov fall italian boy as pippa explor dramat ruin ,negative
 brie carter father land develop busi taken famili world br soon arriv new home lost spring wyom town turn protest they dont want new hotel resid mustang popul will displac hurt part de,negative
 this one two book i took airplan read want book i need bring home i simpli care page switch book,negative
 charli bucket won willi wonka chocol factori way take possess none great glass elev but elev make fear whoosh nois charli famili find themselv splendid orbit around earth a dare adventur b,negative
 this book veri gear toward mother thank im ,negative
 strongridiculousstrongbr br i cant believ author to kill mockingbird there stori realli juvenil,negative
 ugh a literari masterpiec i think ,negative
 jin wang tri fit classmat american public school the monkey king determin prove worthi god danni tri let past keep interf futur although scenario dont seem relat char,negative
 meh,negative
 awsom wow think alot now,negative
 oh bark one get tiresom,negative
 se sei un viaggiator vero non potra che innervosirti,negative
 full disclosur got page bore tear what i miss,negative
 pictur book br this book child perspect negat thing grownup some includ take bunch pill abl run make kid act polit time the book pretti simpl read illustr make book s,negative
 i give this book slow i cant relat opera stuff ,negative
 some decent write appear unexpect point still pretti basic tho,negative
 could hard finish onli one seri i read too mani charact so interest,negative
 note author one doe simpli mix italian mafia anim shapeshift human starcross lover pubesc dialogu book the result horrend,negative
 i need now,negative
 love it so freakin much,negative
 revolt serial cheater can never keep pant while tri show h love want onli the same time fuck club whore,negative
 awesom,negative
 he find answer religion,negative
 this favorit book movi entir world yai yai yai yai yai yai yai,negative
 i like book,negative
 check review kqed targetblank hrefhttpwwkqedorgartsreviewisthenestworthitsfamedsevenfigureadv relnofollowhttpwwkqedorgartsra,negative
 br كتاب مخيب للامالbr br جلست وانا انتظر لساعات طوال ان ينتهي ذلك السيل من السرد الممل دون فائدةbr لقد كان هذا الكتاب اشبه ما يكون بخطبة جمعةbr دبجت فيها ايات الثناء مع تقرير لشمائل وفضائل الشيخينbr br br لا انكر هنا فضل الصحابيينbr لكني اخترت قراءة هذا الكتاب لغاية اخرىbr وجدتها في كتابين سابقين لطه حسينbr غاية تكمن في النقد وا,negative
 blechand yet i cant help myselfonto next book,negative
 amaz,negative
 zero star peopl zero but i bought next book figur one lololol,negative
 ohne wort einfach nur perfektbr eine unheimlich toll liebesgeschicht,negative
 br i given book honest reviewbr br starsbr br br i read everyth layla hagen written love everyth done everi book i love fun side layla book this book second chanc love find famili didnt know need its,negative
 contriv rather unconvinc motiv charact arent alway reason,negative
 spoiler removedbr br targetblank hrefhttpswwwgoodreadscomreviewshowrefrulihplkrvmclkuphttpswwwgoodreadscomreviewshowa,negative
 too mani name keep track romanc two main charact hard believ,negative
 two leg bad four leg goodbr if donald trump win dont say werent warn,negative
 great collect short essay lead spiritu thinker corpor spiritu act merci a help medit tool,negative
 heartwarm,negative
 few nonwestern citi penetr conscious like benghazi libya follow attack american mission yet us know littl citi recent past the englishlanguag public alessandro spina grand histor novel twentiethcenturi,negative
 this short book compar book i usual read around page long i expect get stori quit quick reason found take age read becaus around halfway noth realli happen yet i want read hear abou,negative
 strongi like strongbr br i realli like differ book i cant imagin theyll captur everyth movi this book mani twist turn i realli enjoy author includ authent pictur nice touch cant wait read second,negative
 emon a dark wingem forgett drudg ya adapt emmeet joe blackem even less plot less believ circumst less interest charact return sever hour wast book pleas,negative
 good book,negative
 kjdnqdkppqoipd,negative
 this book interest portray author realiz although plan lawyer quick realiz want less intens stay home mum type it lead interest convers book wasnt written well,negative
 meh,negative
 if hadnt star review amazon i think i given one the first three quarter book slow charact repugn confus similar even half decent end doesnt excus tedious journey take,negative
 it ok interest see author mc ya,negative
 im guess date may s veri veri depress excellent write i never read anoth book malamud,negative
 despit moment beauti write i enjoy experi read book,negative
 i couldnt finish i thought bore felt long even though technic ,negative
 for stori wed onli chapter wed amp wed prep chapter,negative
 o,negative
 o,negative
 origin review hrefhttpswwwgoodreadscomreviewshowherea,negative
 strongth trilog interest pretti well written butstrongbr br it one book i will buy ani book sierra rose becaus i believ market ploy cheat uneth,negative
 a,negative
 amazon book descriptionbr after fourteenyearold peak marcello arrest scale new york citi skyscrap hes left two choic wither away juvenil detent go live longlost father run climb compani thailand but peak quick learn father,negative
 disappoint book had much potenti just chore read great concept great set mani great idea but just realli dull labour i realli want like book i just couldnt,negative
 strongthey met chanc will love give second chanc strongbr br chanc aubrey met rest stop nebraska who know life end it fate motorcycl wouldnt start flat tire spend littl week togeth brought close chanc sn,negative
 i enjoy it realli strang i shock,negative
 realli interest twist storylin great adventur surpris,negative
 i read littl girl reread oldest son just finish read youngest son book veri funni imagin inspire kid read ,negative
 witch realli detest breed they disguis themselv love ladi secret want squish squelch wretch children despis luckili one boy grandmoth know recogn vile creatur can get rid good,negative
 im stop book too depress i hate downward spiral charact bad thing good reason amp just keep go ,negative
 this novel publish tandem a brief histori portabl literatur prose work brought enriqu vilamata sustain promin both book epitom prefer hybrid genr contraven convent show threedecad arc prolificaci superbl,negative
 i bought recommend colleagu away work onli read watch film after watch film i expect follow one charact group peopl when didnt i initi intrigu i thought seem good idea i dont think ,negative
 matti protagonist norwegian tarjei vesaass novel the bird sure deserv place among cadr unforgett charact modern literatur mattiss intellectu disabl caus perceiv worldth tini farm communiti live thirti,negative
 you know begin book end tragedi yet still put ,negative
